timestamp,longitude,latitude,speed,accuracy
1693558392410,13.7272779,51.0310457,0.3237876892089844,30.933000564575195
1693558394034,13.7272427,51.0311724,1.1483315229415894,22.43400001525879
1693558394981,13.7272577,51.0312019,1.507177710533142,17.815000534057617
1693558395973,13.7272597,51.031235,2.0333969593048096,14.968999862670898
1693558396976,13.7272342,51.0312712,2.692535161972046,12.833000183105469
1693558398011,13.727218,51.0312968,2.0954277515411377,7.504000186920166
1693558398978,13.7272082,51.031316,1.8423100709915161,6.9679999351501465
1693558399984,13.727202,51.0313334,1.718345284461975,5.295000076293945
1693558400998,13.7271973,51.0313514,1.7003079652786255,4.515999794006348
1693558401985,13.7271982,51.0313585,0.5449251532554626,4.545000076293945
1693558402822,13.7272017,51.0313566,0.5198175311088562,4.802999973297119
1693558403420,13.7272109,51.031386,1.8350709676742554,5.215000152587891
1693558403948,13.7272195,51.0314078,1.8463276624679565,5.453999996185303
1693558404579,13.7272533,51.0314323,3.9596006870269775,5.785999774932861
1693558404990,13.7272988,51.031455,5.058764457702637,5.550000190734863
1693558405690,13.7273296,51.0314654,5.045080184936523,5.986999988555908
1693558407003,13.7274706,51.031486,5.288180351257324,5.755000114440918
1693558407717,13.7274985,51.0314781,5.259140491485596,5.826000213623047
1693558408973,13.7276087,51.0314338,5.224325180053711,5.093999862670898
1693558409999,13.7276799,51.031422,5.3896098136901855,4.755000114440918
1693558410976,13.7277502,51.031405,5.4583964347839355,4.377999782562256
1693558411974,13.7278168,51.0313868,5.48545503616333,4.377999782562256
1693558412977,13.7278848,51.0313644,5.789220809936523,3.9000000953674316
1693558413996,13.7279559,51.0313378,5.778911590576172,3.9000000953674316
1693558414967,13.7280277,51.0313088,5.79305362701416,3.9000000953674316
1693558416036,13.7280985,51.0312797,5.81231164932251,3.9000000953674316
1693558416997,13.7281529,51.0312571,2.7815756797790527,3.9000000953674316
1693558418001,13.7281844,51.0312445,2.321429967880249,3.9639999866485596
1693558418997,13.7282112,51.0312355,2.0688130855560303,4.0289998054504395
1693558419986,13.7282374,51.0312292,1.919188141822815,4.271999835968018
1693558420984,13.7282643,51.0312233,1.857030987739563,4.693999767303467
1693558421976,13.7282943,51.0312201,1.847687840461731,5.116000175476074
1693558422983,13.7283305,51.0312196,2.272343873977661,5.755000114440918
1693558423970,13.7283487,51.0312199,2.2680931091308594,7.168000221252441
1693558424217,13.7283663,51.0312164,3.594630718231201,7.941999912261963
1693558424993,13.7284043,51.031211,4.036720275878906,8.229000091552734
1693558425983,13.7284844,51.0311879,3.87748122215271,8.86299991607666
1693558426869,13.7285309,51.0311643,5.135636329650879,9.312000274658203
1693558426988,13.7285692,51.0311431,5.898492813110352,9.02400016784668
1693558427980,13.7286735,51.0310717,5.835319995880127,9.043999671936035
1693558428968,13.7289248,51.030909,5.868038177490234,8.722999572753906
1693558429991,13.729051,51.0308264,5.963791370391846,7.729000091552734
1693558431011,13.7291155,51.0307734,5.193118095397949,6.949999809265137
1693558431975,13.729166,51.0307361,5.206183433532715,5.478000164031982
1693558432975,13.7292351,51.0307041,5.630029678344727,5.001999855041504
1693558433982,13.7293158,51.0306709,5.756358623504639,4.823999881744385
1693558434998,13.729375,51.0306493,5.708058834075928,5.1620001792907715
1693558435937,13.7293949,51.0306456,2.191577672958374,5.6570000648498535
1693558436692,13.729417,51.0306458,2.090623378753662,6.164999961853027
1693558437637,13.7294422,51.0306385,2.210319757461548,6.544000148773193
1693558437976,13.7294552,51.0306336,2.228973150253296,6.572999954223633
1693558438712,13.7294828,51.0306236,2.3393423557281494,6.8460001945495605
1693558439242,13.7295049,51.0306165,2.500673532485962,7.144000053405762
1693558439903,13.7295292,51.0306081,2.5297138690948486,7.183000087738037
1693558440764,13.7295993,51.0305884,2.7356128692626953,7.1579999923706055
1693558440973,13.7296254,51.0305807,2.7504191398620605,7.170000076293945
1693558441798,13.7297158,51.0305386,5.001859188079834,7.5329999923706055
1693558442023,13.7298076,51.030492,5.957284927368164,7.291999816894531
1693558442973,13.7299173,51.030446,5.7643351554870605,7.039000034332275
1693558444006,13.7299845,51.0303948,5.854496002197266,6.835999965667725
1693558444980,13.7300491,51.0303542,6.074513912200928,6.604000091552734
1693558445982,13.7300987,51.0303255,5.488646984100342,6.3429999351501465
1693558446973,13.7301373,51.0302841,5.395909786224365,5.181000232696533
1693558448023,13.7301579,51.0302402,6.064069747924805,5.408999919891357
1693558448771,13.7301578,51.0302215,1.384560227394104,5.843999862670898
1693558449737,13.7301324,51.0302091,1.699306845664978,5.808000087738037
1693558450833,13.7301019,51.0301871,2.0728845596313477,5.880000114440918
1693558451518,13.7300741,51.0301736,2.201510190963745,6.0970001220703125
1693558452004,13.7300516,51.0301675,2.222930431365967,6.204999923706055
1693558452452,13.7300303,51.0301654,2.279945135116577,6.585000038146973
1693558453728,13.729986,51.0301677,0.7787725925445557,6.4720001220703125
1693558454317,13.7299612,51.0301699,4.165448188781738,6.453000068664551
1693558454836,13.7299255,51.0301713,4.643706798553467,6.702000141143799
1693558455449,13.7298658,51.0301739,4.759768486022949,6.804999828338623
1693558456001,13.7298202,51.0301733,4.734833240509033,6.909999847412109
1693558456577,13.729768,51.0301719,4.724225044250488,7.053999900817871
1693558457195,13.7297204,51.0301668,4.2830939292907715,7.251999855041504
1693558457976,13.7296749,51.0301634,4.216082572937012,7.446000099182129
1693558458613,13.7296333,51.0301604,3.7420928478240967,7.692999839782715
1693558458972,13.7296085,51.0301574,3.6891536712646484,8.118000030517578
1693558459980,13.7295481,51.0301449,3.569716691970825,8.786999702453613
1693558460840,13.7294827,51.0301318,2.782586097717285,9.567000389099121
1693558461420,13.729451,51.0301217,2.79860782623291,10.767000198364258
1693558461938,13.7294216,51.0301085,2.8443636894226074,11.958000183105469
1693558462738,13.7293819,51.0300955,2.7137696743011475,12.866000175476074
1693558463314,13.7293555,51.0300837,2.219381332397461,14.147000312805176
1693558463852,13.7293288,51.0300771,2.1562864780426025,14.982999801635742
1693558464637,13.7292962,51.0300739,2.1430869102478027,15.8100004196167
1693558464983,13.7292739,51.0300742,2.152409553527832,15.883999824523926
1693558466004,13.7292404,51.0300682,2.090688943862915,16.759000778198242
1693558466813,13.729212,51.0300587,2.0639758110046387,16.860000610351562
1693558467979,13.729173,51.0300529,2.0886685848236084,17.538999557495117
1693558468976,13.7291389,51.0300456,2.1405715942382812,18.280000686645508
1693558469987,13.7291058,51.0300303,1.9784990549087524,18.174999237060547
1693558470977,13.7290728,51.0300255,1.7443963289260864,17.99799919128418
1693558471999,13.7290394,51.0300238,1.560133934020996,18.23200035095215
1693558473025,13.7290191,51.0300233,1.9233572483062744,18.452999114990234
1693558473980,13.7289904,51.0300214,1.7197175025939941,17.791000366210938
1693558474982,13.728957,51.0300172,1.7016029357910156,16.68000030517578
1693558475978,13.7289409,51.0300041,1.6337928771972656,16.082000732421875
1693558476976,13.72892,51.0300025,1.2290475368499756,15.72700023651123
1693558477994,13.7289453,51.0299896,0.040481723845005035,14.42300033569336
1693558478999,13.7289629,51.0299851,0.0016904606018215418,12.46399974822998
1693558479973,13.7289717,51.0299819,0.0012726983986794949,10.704999923706055
1693558480974,13.7289764,51.0299771,0.0017929718596860766,9.043999671936035
1693558481975,13.7289796,51.0299753,0.0007289181812666357,7.791999816894531
1693558482984,13.7289823,51.029973,0.0006496767746284604,6.348999977111816
1693558483980,13.7289853,51.0299707,0.001205213600769639,5.585999965667725
1693558484989,13.7289883,51.0299712,0.017707420513033867,5.007999897003174
1693558485973,13.7289981,51.029948,1.2697581052780151,4.835000038146973
1693558487004,13.7290003,51.0299396,1.086739420890808,5.007999897003174
1693558487974,13.7289995,51.0299382,0.5764017701148987,5.307000160217285
1693558488966,13.7289982,51.0299389,0.213999941945076,5.60699987411499
1693558489977,13.728997,51.0299403,0.05375700443983078,5.90500020980835
1693558490976,13.7289959,51.0299417,0.09991084039211273,6.073999881744385
1693558491649,13.7289957,51.029942,0.08585666120052338,6.670000076293945
1693558492974,13.7289935,51.0299471,0.27515318989753723,6.329999923706055
1693558493997,13.7289928,51.0299483,0.20249241590499878,6.177000045776367
1693558494979,13.7289824,51.0299461,0.9356308579444885,6.02400016784668
1693558495975,13.7289628,51.0299494,1.4073926210403442,5.870999813079834
1693558497029,13.7289261,51.0299534,2.889082908630371,5.267000198364258
1693558498033,13.7288725,51.0299588,3.1176159381866455,5.058000087738037
1693558498997,13.7288269,51.0299665,1.434457778930664,4.848999977111816
1693558500011,13.728798,51.029975,1.4123533964157104,4.640999794006348
1693558500993,13.7287713,51.0299787,1.4130276441574097,5.166999816894531
1693558501965,13.7287473,51.0299833,1.4320274591445923,5.261000156402588
1693558502083,13.7287385,51.0299847,1.5590535402297974,5.577000141143799
1693558503008,13.7287171,51.0299859,1.561192512512207,5.723999977111816
1693558503240,13.7286851,51.0299884,3.3517584800720215,6.117000102996826
1693558503969,13.7286397,51.0299882,3.789506673812866,6.24399995803833
1693558504736,13.7285855,51.0299916,3.651092529296875,6.423999786376953
1693558504996,13.7285611,51.0299918,3.646183967590332,6.3429999351501465
1693558505573,13.7285276,51.0299949,1.9149202108383179,6.429999828338623
1693558506868,13.7283815,51.030003,3.958566188812256,6.396999835968018
1693558507645,13.7283065,51.0300012,3.672273874282837,6.359000205993652
1693558508035,13.7282722,51.0300001,3.6354355812072754,6.389999866485596
1693558508975,13.7282205,51.0300034,3.995014190673828,6.331999778747559
1693558509369,13.7282021,51.0300267,3.9569811820983887,6.2789998054504395
1693558509799,13.7281887,51.0300504,4.100654125213623,6.466000080108643
1693558510523,13.7281839,51.030082,3.8923838138580322,6.638000011444092
1693558510986,13.7281908,51.0301009,3.7657384872436523,6.867000102996826
1693558511391,13.7281888,51.0301154,3.045154094696045,6.830999851226807
1693558511978,13.7281874,51.0301306,2.6232876777648926,6.813000202178955
1693558512659,13.7281845,51.0301447,2.32967472076416,6.828000068664551
1693558513309,13.7281829,51.0301573,2.1847589015960693,6.807000160217285
1693558513942,13.728181,51.0301698,2.102402448654175,6.763000011444092
1693558514595,13.7281827,51.0301839,2.096633195877075,6.696000099182129
1693558514973,13.7281831,51.0301942,2.1028316020965576,6.627999782562256
1693558515680,13.7281869,51.0302088,1.8711159229278564,6.579999923706055
1693558516549,13.7281924,51.0302522,2.9088380336761475,6.484000205993652
1693558516988,13.728195,51.0302779,3.3965389728546143,6.505000114440918
1693558517668,13.7281971,51.0303189,3.692188024520874,6.5289998054504395
1693558517999,13.7281981,51.0303407,3.827601432800293,6.5960001945495605
1693558518777,13.7281972,51.0303746,3.885612964630127,6.630000114440918
1693558519233,13.7281959,51.0304037,4.062633514404297,6.644999980926514
1693558519801,13.7281932,51.030432,4.126756191253662,6.7179999351501465
1693558520359,13.7281903,51.0304597,3.8097379207611084,6.7870001792907715
1693558520971,13.7281886,51.0304856,3.754608154296875,6.867000102996826
1693558521880,13.7281879,51.0305175,3.7700424194335938,6.986999988555908
1693558522420,13.7281896,51.0305383,3.6245927810668945,7.256999969482422
1693558522974,13.7281889,51.030558,3.6039791107177734,7.521999835968018
1693558523421,13.7281852,51.030573,2.1705968379974365,7.788000106811523
1693558523984,13.7281814,51.0305851,1.9521915912628174,8.105999946594238
1693558524727,13.7281774,51.0305991,2.012655019760132,8.354000091552734
1693558525287,13.7281719,51.0306097,2.045098066329956,8.588000297546387
1693558525975,13.7281532,51.030626,2.0783567428588867,8.402000427246094
1693558526994,13.7281272,51.030641,2.065049409866333,8.274999618530273
1693558527990,13.7280884,51.0306395,1.4737800359725952,7.807000160217285
1693558528973,13.727992,51.0306487,4.1095075607299805,6.993000030517578
1693558529983,13.7279102,51.0306414,4.323254585266113,5.964000225067139
1693558530989,13.7278306,51.0306364,4.311933517456055,5.360000133514404
1693558531972,13.7277602,51.0306313,4.611824035644531,5.360000133514404
1693558532967,13.7276868,51.0306236,4.602873802185059,5.360000133514404
1693558533968,13.7276143,51.0306175,3.898998498916626,5.360000133514404
1693558534992,13.727556,51.0306166,3.9647395610809326,5.538000106811523
1693558535970,13.7274918,51.0306269,3.397373914718628,5.538000106811523
1693558536979,13.7274657,51.0306427,1.2556732892990112,5.360000133514404
1693558537975,13.7274565,51.0306587,1.221301794052124,5.181000232696533
1693558538977,13.7274496,51.0306738,1.2465952634811401,5.001999855041504
1693558539976,13.727444,51.0306883,1.3024909496307373,5.001999855041504
1693558540977,13.7274412,51.0307039,1.3579840660095215,4.823999881744385
1693558541986,13.7274412,51.0307231,1.417839527130127,4.823999881744385
1693558542999,13.7274414,51.0307425,1.4219253063201904,5.001999855041504
1693558543976,13.7274408,51.0307626,1.4509583711624146,5.181000232696533
1693558545002,13.7274374,51.0307839,1.4939740896224976,5.633999824523926
1693558546006,13.7274354,51.0308084,1.5691026449203491,5.633999824523926
1693558547000,13.7274317,51.0308381,1.7351651191711426,5.633999824523926
1693558547977,13.7274251,51.0308718,1.84117591381073,5.633999824523926
1693558548975,13.727418,51.0309053,1.8885005712509155,5.7870001792907715
1693558549978,13.7274101,51.0309408,1.9052371978759766,5.7170000076293945
1693558550971,13.7274013,51.0309796,2.1795971393585205,5.895999908447266
1693558551992,13.7273931,51.03102,2.46016526222229,6.252999782562256
1693558552979,13.7273841,51.031066,2.7533864974975586,6.610000133514404
1693558553708,13.7273809,51.031081,2.7582437992095947,8.937999725341797
1693558554992,13.7273617,51.0311637,3.345860004425049,9.038999557495117
1693558555978,13.7273463,51.0312187,3.6784863471984863,9.345999717712402
1693558556997,13.7273314,51.0312813,4.397459983825684,9.652000427246094
1693558557976,13.7273251,51.0313453,4.603305816650391,9.805000305175781
1693558558973,13.7273418,51.0314052,4.580009460449219,8.039999961853027
1693558559984,13.7273833,51.0314434,4.367403507232666,7.861000061035156
1693558561004,13.727435,51.0314625,4.537489414215088,8.21399974822998
1693558561631,13.7274639,51.0314689,4.221456527709961,8.593000411987305
1693558562428,13.7275061,51.0314782,4.0507493019104,8.862000465393066
1693558562979,13.7275354,51.0314819,4.019871711730957,9.152999877929688
1693558563449,13.727557,51.0314827,4.031010627746582,9.416000366210938
1693558563973,13.7275814,51.0314804,3.8937008380889893,9.626999855041504
1693558564535,13.7276096,51.0314767,3.829430341720581,10.4399995803833
1693558564989,13.7276299,51.0314717,3.827869415283203,10.734000205993652
1693558565961,13.727664,51.0314566,3.791884422302246,11.197999954223633
1693558566058,13.7276699,51.0314498,3.799802303314209,11.27299976348877
1693558566653,13.7276948,51.0314356,3.8107149600982666,11.33899974822998
1693558567371,13.7277204,51.0314165,3.6350719928741455,11.10099983215332
1693558567879,13.7277406,51.0314034,3.6081037521362305,10.994000434875488
1693558568990,13.7278026,51.0313723,3.6034231185913086,10.041999816894531
1693558569982,13.7278489,51.0313526,3.5065743923187256,9.201000213623047
1693558570966,13.7278926,51.0313348,3.368744373321533,8.461000442504883
1693558571972,13.7279348,51.031319,3.291766405105591,7.0229997634887695
1693558572976,13.7279758,51.0313056,3.239682674407959,6.252999782562256
1693558573974,13.7280201,51.0312926,3.2457046508789062,6.432000160217285
1693558574968,13.7280679,51.0312781,3.2499773502349854,6.432000160217285
1693558575998,13.728122,51.0312613,3.3054122924804688,6.432000160217285
1693558576972,13.7281699,51.031241,3.2591006755828857,6.789000034332275
1693558577971,13.7282113,51.0312176,3.236513376235962,7.682000160217285
1693558578995,13.7282258,51.0312076,1.4457377195358276,8.932999610900879
1693558579962,13.7282068,51.0312212,2.643242597579956,11.07699966430664
1693558580971,13.7282078,51.031242,2.8726136684417725,12.32800006866455
1693558581974,13.7282555,51.031249,2.6131081581115723,13.220999717712402
1693558582968,13.7284575,51.0311807,3.26401948928833,13.57800006866455
1693558583955,13.7285673,51.0311355,3.4308581352233887,13.57800006866455
1693558585007,13.7287503,51.0310385,5.457309246063232,12.32800006866455
1693558585980,13.7288433,51.0309934,5.428288459777832,10.184000015258789
1693558586997,13.7289248,51.0309533,5.566277027130127,8.932999610900879
1693558588013,13.7289893,51.0309011,5.589992046356201,7.861000061035156
1693558588978,13.7290512,51.0308526,5.590367794036865,6.789000034332275
1693558589969,13.7291084,51.030813,5.466853141784668,5.538000106811523
1693558591036,13.7291635,51.0307805,5.461978435516357,5.181000232696533
1693558591959,13.7292217,51.0307542,5.179300785064697,4.823999881744385
1693558592867,13.7292575,51.0307381,5.1543450355529785,5.22599983215332
1693558593977,13.7293405,51.0306998,5.327779293060303,4.939000129699707
1693558595000,13.7294164,51.03067,5.6627044677734375,4.939000129699707
1693558596000,13.7294938,51.0306357,5.673450469970703,4.939000129699707
1693558596976,13.7295651,51.0306032,5.804431915283203,4.883999824523926
1693558597986,13.7296335,51.0305696,5.796067237854004,4.2230000495910645
1693558598994,13.729698,51.0305415,5.8290300369262695,4.2230000495910645
1693558600014,13.7297582,51.0305139,5.959704399108887,4.2230000495910645
1693558601003,13.7298231,51.0304853,5.934718608856201,4.2230000495910645
1693558602105,13.7298728,51.0304626,3.077052116394043,4.4019999504089355
1693558602977,13.7298995,51.030451,2.284282922744751,4.823999881744385
1693558604007,13.7299203,51.0304412,1.9879556894302368,5.360000133514404
1693558605000,13.7299378,51.0304268,1.8006362915039062,5.7170000076293945
1693558606016,13.7299551,51.0304073,1.7916115522384644,6.073999881744385
1693558606996,13.7299685,51.0303831,1.83254075050354,6.432000160217285
1693558607995,13.7299797,51.0303503,1.9234691858291626,6.610000133514404
1693558608997,13.7299863,51.030334,1.8481991291046143,7.614999771118164
1693558609378,13.7299903,51.0303189,1.6322990655899048,7.885000228881836
1693558609980,13.7299823,51.0303025,1.863272786140442,8.081999778747559
1693558610372,13.729968,51.0302875,1.9711992740631104,8.371999740600586
1693558610998,13.7299511,51.0302748,1.9762952327728271,8.432000160217285
1693558611771,13.7299283,51.0302606,2.154968738555908,8.729000091552734
1693558612681,13.729895,51.0302501,2.240300416946411,8.815999984741211
1693558613867,13.7298415,51.0302502,2.4024970531463623,8.74899959564209
1693558614678,13.7298146,51.0302517,2.524932861328125,8.635000228881836
1693558615330,13.7297905,51.0302499,2.598081350326538,8.845000267028809
1693558615890,13.7297695,51.0302484,2.602700710296631,9.15999984741211
1693558616407,13.7297477,51.0302437,2.770414352416992,9.493000030517578
1693558617009,13.7297247,51.0302407,2.796074151992798,9.817999839782715
1693558617383,13.7297003,51.0302331,2.859699249267578,9.949000358581543
1693558617960,13.7296686,51.0302216,2.8728389739990234,10.253000259399414
1693558618977,13.729623,51.0302034,2.917020797729492,10.979000091552734
1693558619986,13.7295819,51.0301805,2.450094223022461,11.746000289916992
1693558620999,13.7295398,51.030157,3.1377077102661133,12.595000267028809
1693558621987,13.7294786,51.0301393,4.28878927230835,13.133000373840332
1693558622974,13.7294055,51.0301386,3.955341339111328,14.649999618530273
1693558623969,13.7293939,51.0301194,3.755119562149048,15.206999778747559
1693558624875,13.7293661,51.0301032,3.3006908893585205,15.362000465393066
1693558625989,13.7293276,51.0300863,3.2603180408477783,15.140999794006348
1693558626987,13.7292698,51.0300696,2.7904815673828125,14.88700008392334
1693558627974,13.7291827,51.0300536,2.4285471439361572,14.835000038146973
1693558628592,13.7291167,51.030043,2.2171714305877686,13.86299991607666
1693558630003,13.7290461,51.0300398,2.1031627655029297,13.055000305175781
1693558630988,13.7290078,51.0300381,1.8900855779647827,12.45199966430664
1693558632050,13.7289823,51.0300401,1.880550503730774,11.482000350952148
1693558632979,13.7289644,51.0300413,1.263036847114563,10.557000160217285
1693558634018,13.7289702,51.0300408,0.021835660561919212,8.913999557495117
1693558634981,13.728978,51.0300426,0.0007137682987377048,8.60200023651123
1693558635963,13.7289825,51.0300446,0.0013363090110942721,7.947000026702881
1693558636984,13.7289852,51.0300467,0.0013878350146114826,7.414999961853027
1693558637974,13.7289869,51.0300479,0.0008734828443266451,6.9770002365112305
1693558638978,13.7289881,51.0300488,0.0006700786179862916,6.484000205993652
1693558639986,13.728989,51.0300493,0.0004139879019930959,6.2270002365112305
1693558640974,13.7289902,51.0300494,0.00011433415056671947,6.005000114440918
1693558641976,13.7289914,51.0300487,0.000512193888425827,5.8379998207092285
1693558643032,13.7289924,51.0300483,0.00041396147571504116,5.765999794006348
1693558643983,13.7289939,51.0300517,0.029432794079184532,5.73799991607666
1693558644990,13.7289591,51.0300275,2.340193033218384,5.438000202178955
1693558645975,13.728907,51.0300305,2.743962049484253,5.229000091552734
1693558646975,13.7288659,51.0300376,2.9444494247436523,5.334000110626221
1693558647771,13.7288401,51.0300391,2.9465460777282715,5.631999969482422
1693558648326,13.7288192,51.0300449,2.7201406955718994,5.793000221252441
1693558648970,13.7288002,51.0300492,2.692692756652832,5.953999996185303
1693558649492,13.7287791,51.0300505,1.8043675422668457,6.0970001220703125
1693558649974,13.7287654,51.0300494,1.6936434507369995,6.335000038146973
1693558650538,13.7287438,51.0300517,1.708324670791626,6.664999961853027
1693558650971,13.7287231,51.0300572,1.7167412042617798,6.691999912261963
1693558651945,13.7286916,51.030061,3.257774829864502,6.915999889373779
1693558652397,13.7286569,51.030064,3.6692216396331787,7.264999866485596
1693558652976,13.7286208,51.0300689,3.702542781829834,7.193999767303467
1693558653676,13.7285738,51.0300706,3.897902250289917,7.132999897003174
1693558653987,13.728549,51.0300705,3.9073097705841064,7.0980000495910645
1693558654413,13.72851,51.0300721,3.79382061958313,7.056000232696533
1693558654991,13.7284734,51.0300715,3.770376205444336,7.01200008392334
1693558655635,13.7284051,51.0300659,3.780029535293579,7.026000022888184
1693558656166,13.7283602,51.0300616,3.946967124938965,7.116000175476074
1693558656979,13.7283106,51.0300563,3.9654719829559326,7.205999851226807
1693558657484,13.7282769,51.0300558,3.6695802211761475,7.131999969482422
1693558657981,13.7282497,51.0300578,3.6006550788879395,7.120999813079834
1693558658432,13.7282265,51.0300689,2.984813928604126,7.090000152587891
1693558658972,13.7282177,51.0300878,2.915825366973877,6.98199987411499
1693558659988,13.7282123,51.0301141,3.4883203506469727,6.861000061035156
1693558660094,13.7282148,51.030122,2.6896777153015137,6.813000202178955
1693558660941,13.7282155,51.0301451,2.3850150108337402,6.74399995803833
1693558661708,13.7282164,51.0301572,2.430105447769165,6.623000144958496
1693558662010,13.7282165,51.0301648,2.4399757385253906,6.638999938964844
1693558662889,13.7282156,51.030183,2.533404588699341,6.565999984741211
1693558662971,13.7282156,51.0301887,2.546097993850708,6.6519999504089355
1693558663562,13.7282126,51.030207,2.656113386154175,6.699999809265137
1693558664238,13.7282121,51.030228,2.7946345806121826,7.034999847412109
1693558664731,13.728211,51.0302467,2.8124966621398926,7.183000087738037
1693558665260,13.72821,51.0302657,2.950183153152466,7.660999774932861
1693558665983,13.7282084,51.0302874,2.970196008682251,7.831999778747559
1693558666917,13.7282083,51.0303103,0.842330276966095,8.295000076293945
1693558667333,13.7282081,51.030321,3.744676113128662,8.515999794006348
1693558667977,13.7282056,51.0303433,4.242743492126465,8.855999946594238
1693558668465,13.7282027,51.0303708,4.3324384689331055,9.074000358581543
1693558668993,13.7282089,51.0303829,4.294458866119385,9.312000274658203
1693558669341,13.728203,51.0304086,4.078622817993164,9.71500015258789
1693558669915,13.7281974,51.0304362,4.036360740661621,10.12399959564209
1693558670644,13.7281938,51.0304708,4.247831344604492,10.281999588012695
1693558671125,13.7281953,51.0304994,3.4117488861083984,10.437999725341797
1693558671832,13.7281963,51.0305239,3.339738607406616,10.465999603271484
1693558672322,13.7281955,51.0305641,3.801927328109741,10.38599967956543
1693558672857,13.7281931,51.0305956,4.003262996673584,10.42300033569336
1693558673319,13.7281777,51.0306275,4.157523155212402,10.244999885559082
1693558673992,13.7281624,51.0306572,4.239645481109619,9.909000396728516
1693558674885,13.7281463,51.030693,4.251250743865967,9.607999801635742
1693558675286,13.7281064,51.0306972,4.299871921539307,9.086999893188477
1693558675887,13.7280685,51.0307019,4.08898401260376,8.76099967956543
1693558676509,13.7280307,51.0307071,4.046256065368652,8.628000259399414
1693558676964,13.728002,51.030701,3.594193696975708,8.520000457763672
1693558677987,13.7279452,51.0306737,3.9137864112854004,8.232999801635742
1693558678886,13.7278699,51.0306613,4.021939277648926,8.218000411987305
1693558679974,13.7278137,51.0306586,2.219358205795288,8.034000396728516
1693558680457,13.7278044,51.0306599,2.09511137008667,8.015999794006348
1693558680997,13.7277972,51.0306624,2.087256908416748,7.948999881744385
1693558681714,13.727778,51.0306652,2.1057209968566895,7.644000053405762
1693558682993,13.7277369,51.0306683,2.178154706954956,7.336999893188477
1693558683254,13.7277329,51.0306672,1.494683027267456,7.4019999504089355
1693558683992,13.7277207,51.0306671,1.1095064878463745,7.508999824523926
1693558684663,13.7277053,51.030666,1.536161184310913,7.714000225067139
1693558684976,13.7276962,51.0306654,1.7571622133255005,7.882999897003174
1693558685903,13.7276587,51.0306669,2.505296230316162,8.236000061035156
1693558686440,13.7276221,51.0306685,3.087087392807007,8.46500015258789
1693558686896,13.7275933,51.0306731,3.2526416778564453,8.690999984741211
1693558687272,13.7275641,51.0306785,3.459467887878418,8.954999923706055
1693558687850,13.7275291,51.0306887,3.6112215518951416,9.168000221252441
1693558688757,13.7274833,51.0307133,3.988706350326538,9.517000198364258
1693558689419,13.7274512,51.0307352,4.242269515991211,9.583000183105469
1693558689783,13.7274343,51.0307509,4.4072113037109375,9.52299976348877
1693558690523,13.7274253,51.0307849,4.563380718231201,9.57800006866455
1693558691023,13.7274286,51.0308077,4.611922740936279,9.609999656677246
1693558691945,13.7274142,51.0308559,4.682810306549072,9.848999977111816
1693558692489,13.727402,51.0308879,4.846353054046631,9.579000473022461
1693558693032,13.7273887,51.0309175,4.965761184692383,9.223999977111816
1693558693604,13.7273772,51.0309463,5.020470142364502,9.140999794006348
1693558694146,13.72738,51.0309709,4.936722755432129,9.27400016784668
1693558694952,13.7273806,51.0310031,4.850499629974365,9.642000198364258
1693558695946,13.727373,51.0310456,4.935307025909424,9.902000427246094
1693558697016,13.7273694,51.0310954,4.996341705322266,9.130999565124512
1693558697975,13.7273593,51.0311435,5.2487664222717285,8.630999565124512
1693558698975,13.7273424,51.0311889,5.0394368171691895,8.548999786376953
1693558700010,13.7273292,51.0312319,5.113289833068848,8.847000122070312
1693558700570,13.7273245,51.0312483,0.7135118246078491,9.177000045776367
1693558701273,13.7273232,51.0312456,1.2879739999771118,9.494000434875488
1693558702012,13.7273217,51.0312576,1.5190256834030151,9.734000205993652
1693558702616,13.7273208,51.0312657,1.0960875749588013,10.437999725341797
1693558702999,13.7273184,51.0312733,1.0547934770584106,10.572999954223633
1693558703685,13.7273122,51.0312979,4.791952133178711,11.02400016784668
1693558705012,13.7272833,51.0314019,5.412063121795654,10.527000427246094
1693558705838,13.7272731,51.0314414,4.470362663269043,9.848999977111816
1693558706283,13.7272831,51.0314731,3.780682325363159,9.64799976348877
1693558706970,13.7273047,51.0315051,3.9218862056732178,9.63700008392334
1693558707646,13.7273371,51.0315258,3.9958889484405518,9.223999977111816
1693558707974,13.7273631,51.0315348,4.039580821990967,9.276000022888184
1693558708397,13.7273853,51.0315477,4.078660488128662,9.015000343322754
1693558708968,13.7274158,51.0315612,4.08439302444458,8.937000274658203
1693558709998,13.7274606,51.0315764,4.38542366027832,9.220999717712402
1693558711007,13.7275051,51.0315823,4.337661266326904,9.076000213623047
1693558711141,13.7275151,51.0315733,4.0477471351623535,8.904000282287598
1693558711668,13.7275461,51.0315634,4.017745494842529,8.71399974822998
1693558712445,13.7275867,51.0315443,4.45466947555542,8.39799976348877
1693558712975,13.7276124,51.0315269,4.632546424865723,8.104999542236328
1693558713580,13.7276373,51.0315138,4.4618706703186035,7.682000160217285
1693558713976,13.7276595,51.0315046,4.458643913269043,7.678999900817871
1693558714832,13.7276789,51.0314924,1.3762340545654297,7.442999839782715
1693558715491,13.7276807,51.0314932,1.2592740058898926,7.294000148773193
1693558715980,13.7276875,51.0314908,1.250122308731079,7.229000091552734
1693558716636,13.7277001,51.0314866,1.3123103380203247,6.854000091552734
1693558716968,13.7277108,51.0314832,1.3207486867904663,6.583000183105469
1693558717729,13.7277269,51.0314781,1.1569010019302368,6.334000110626221
1693558718303,13.7277603,51.0314658,3.912219524383545,6.033999919891357
1693558718995,13.7278541,51.0314292,5.05515193939209,5.6479997634887695
1693558719966,13.7279789,51.0313756,5.060088157653809,4.984000205993652
1693558720992,13.7280655,51.0313441,5.281740665435791,4.697000026702881
1693558721964,13.7281267,51.0313151,4.790346622467041,4.328999996185303
1693558722588,13.7281449,51.0313067,4.75994873046875,4.658999919891357
1693558722999,13.7281811,51.0312881,5.179883003234863,4.9710001945495605
1693558723842,13.7282121,51.0312699,5.194261074066162,5.447999954223633
1693558724970,13.7283031,51.0312386,4.976133346557617,5.486000061035156
1693558725985,13.7283607,51.0312154,5.0265421867370605,6.604000091552734
1693558726734,13.7283937,51.0312075,4.165441989898682,7.763000011444092
1693558727631,13.7284259,51.0311967,1.3425966501235962,8.958000183105469
1693558728350,13.7284307,51.0311946,1.991644024848938,9.602999687194824
1693558728825,13.7284477,51.0311931,2.0921788215637207,9.802000045776367
1693558729445,13.7284651,51.0311897,2.1379928588867188,11.060999870300293
1693558729992,13.7284854,51.0311844,2.150853395462036,11.059000015258789
1693558730658,13.7285096,51.0311815,2.186432123184204,11.73799991607666
1693558731951,13.7285544,51.0311725,2.265608549118042,11.281999588012695
1693558732560,13.7285917,51.0311616,2.33742618560791,11.22700023651123
1693558732975,13.7286174,51.0311521,2.354682683944702,11.053000450134277
1693558733525,13.7287007,51.03111,4.320286750793457,11.010000228881836
1693558734966,13.7289106,51.0309751,5.373655319213867,9.722999572753906
1693558735980,13.7289788,51.0309228,5.3214850425720215,8.604999542236328
1693558737020,13.7290356,51.030878,5.398325443267822,7.578000068664551
1693558738007,13.7290856,51.0308399,5.2921295166015625,6.585999965667725
1693558738961,13.7291364,51.0308049,5.309160232543945,4.693999767303467
1693558740000,13.7291934,51.0307743,5.386712074279785,4.271999835968018
1693558741003,13.7292544,51.030746,5.388759613037109,4.093999862670898
1693558741985,13.7293087,51.0307175,5.381192207336426,4.609000205993652
1693558742640,13.7293204,51.0307097,1.4811642169952393,5.184999942779541
1693558743445,13.7293278,51.0307048,1.388827919960022,5.675000190734863
1693558743968,13.7293429,51.0307019,1.4688587188720703,5.863999843597412
1693558744980,13.72942,51.0306696,5.590188026428223,5.863999843597412
1693558745984,13.7295032,51.0306324,5.6680521965026855,5.863999843597412
1693558746983,13.7295927,51.0305933,5.912802696228027,5.809000015258789
1693558747964,13.7296908,51.0305483,5.790398597717285,4.96999979019165
1693558748961,13.7297692,51.0305163,5.8445844650268555,4.546000003814697
1693558749998,13.7298442,51.0304917,5.580760955810547,4.271999835968018
1693558751019,13.7299097,51.0304717,5.5212907791137695,4.515999794006348
1693558751969,13.7299785,51.0304401,5.795360565185547,4.938000202178955
1693558752981,13.7300128,51.0304264,2.343245506286621,6.063000202178955
1693558753469,13.7299923,51.0304353,1.4087129831314087,7.203999996185303
1693558754546,13.7299994,51.0304246,1.650323748588562,8.305999755859375
1693558754985,13.7300055,51.0304133,1.6772886514663696,8.692999839782715
1693558755978,13.730017,51.0303745,1.8435559272766113,8.277000427246094
1693558756982,13.7300273,51.0303443,1.912531852722168,8.142999649047852
1693558758001,13.7300242,51.0303118,1.9514857530593872,7.875
1693558758971,13.7299881,51.030231,3.4936881065368652,6.499000072479248
1693558759976,13.7299565,51.0301616,4.166039943695068,5.5
1693558760995,13.7299042,51.0301376,3.8554039001464844,4.336999893188477
1693558761988,13.7298516,51.0301398,3.8539481163024902,4.1579999923706055
1693558762978,13.7297912,51.0301452,3.9830784797668457,4.336999893188477
1693558763983,13.7297408,51.0301511,3.68633770942688,4.693999767303467
1693558764968,13.729693,51.0301528,3.11466646194458,5.052000045776367
1693558765981,13.7296491,51.0301532,2.8928775787353516,5.473999977111816
1693558766974,13.729606,51.0301552,2.76798939704895,5.895999908447266
1693558767972,13.7295641,51.0301588,2.73506236076355,6.432000160217285
1693558768994,13.7295241,51.0301626,2.698056936264038,7.145999908447266
1693558769976,13.7294831,51.0301634,2.689014434814453,8.039999961853027
1693558770972,13.7294604,51.0301596,1.2138700485229492,8.932999610900879
1693558771972,13.7294295,51.0301543,1.960982322692871,10.005000114440918
1693558772993,13.7293874,51.0301461,2.3387744426727295,10.89799976348877
1693558773985,13.7293389,51.0301386,2.5735392570495605,11.61299991607666
1693558775039,13.729286,51.0301308,2.6494579315185547,11.791999816894531
1693558775971,13.7292341,51.0301262,2.7182719707489014,11.791999816894531
1693558777017,13.7291704,51.0301198,2.853334903717041,11.61299991607666
1693558778001,13.7291069,51.0301198,2.7784016132354736,11.07699966430664
1693558778976,13.7290564,51.0301307,2.8699488639831543,10.541000366210938
1693558780018,13.7290291,51.0301375,2.518815755844116,10.005000114440918
1693558780981,13.7290228,51.030138,1.4684845209121704,9.64799976348877
1693558781988,13.7290273,51.0301384,0.01689765974879265,9.847999572753906
1693558782992,13.7290302,51.0301388,0.0006300953682512045,10.553999900817871
1693558783999,13.729029,51.0301399,0.00020499290258157998,11.326000213623047
1693558784961,13.7290238,51.0301424,0.0011229465017095208,11.784000396728516
1693558785986,13.729016,51.0301451,0.002146028447896242,11.619999885559082
1693558786973,13.7290097,51.0301463,0.00239625689573586,11.293999671936035
1693558787983,13.7290057,51.0301469,0.0018084286712110043,10.140999794006348
1693558788974,13.7290016,51.0301481,0.021700603887438774,8.527999877929688
1693558789977,13.7289969,51.0301487,0.6841141581535339,7.110000133514404
1693558790308,13.7289915,51.0301487,1.351814866065979,6.275000095367432
1693558790997,13.7289834,51.0301487,1.477080225944519,6.3480000495910645
1693558791776,13.7289586,51.0301448,2.152587413787842,6.498000144958496
1693558792415,13.7289289,51.0301401,2.3889358043670654,6.619999885559082
1693558792975,13.7289049,51.0301363,2.496577739715576,6.730999946594238
1693558793307,13.7288847,51.0301314,2.5227315425872803,6.892000198364258
1693558793995,13.7288559,51.030127,2.530989170074463,6.955999851226807
1693558794688,13.7288249,51.0301235,2.558610439300537,7.10699987411499
1693558795231,13.728798,51.0301206,2.5530288219451904,7.295000076293945
1693558795809,13.7287727,51.0301187,2.542421579360962,7.435999870300293
1693558796387,13.7287413,51.0301146,2.5743651390075684,7.318999767303467
1693558796856,13.7287149,51.0301117,2.5193066596984863,7.015999794006348
1693558797430,13.7286871,51.0301105,2.584479331970215,6.922999858856201
1693558797931,13.7286648,51.0301095,2.592186450958252,6.916999816894531
1693558798846,13.7286274,51.0301067,2.6459097862243652,6.803999900817871
1693558798972,13.7286121,51.0301038,2.6545419692993164,6.796000003814697
1693558799960,13.7285714,51.0301006,2.6693129539489746,6.736999988555908
1693558800764,13.7284727,51.0300841,3.773314952850342,6.684999942779541
1693558801471,13.7284062,51.0300706,3.932316303253174,6.708000183105469
1693558801939,13.7283647,51.0300632,3.944220781326294,6.843999862670898
1693558802463,13.7283303,51.0300624,3.6251277923583984,6.854000091552734
1693558803015,13.7282972,51.0300681,3.792184352874756,6.861999988555908
1693558803761,13.7282591,51.0300795,3.8436126708984375,6.886000156402588
1693558804160,13.7282496,51.0300978,3.7875027656555176,6.909999847412109
1693558804896,13.7282393,51.0301228,3.6966097354888916,6.939000129699707
1693558805554,13.7282461,51.0301424,3.4493086338043213,6.932000160217285
1693558806001,13.7282529,51.0301567,3.377990245819092,6.919000148773193
1693558806488,13.728253,51.0301727,2.1725966930389404,6.89900016784668
1693558806980,13.7282518,51.0301845,2.0160439014434814,6.88100004196167
1693558807609,13.7282509,51.0301968,2.104046583175659,6.742000102996826
1693558808358,13.7282483,51.030208,2.195207118988037,6.729000091552734
1693558808982,13.728246,51.0302197,2.2073962688446045,6.710999965667725
1693558809420,13.7282429,51.0302332,2.339724063873291,6.658999919891357
1693558809983,13.7282393,51.0302481,2.360971689224243,6.598999977111816
1693558810633,13.7282378,51.0302668,2.5120849609375,6.599999904632568
1693558811505,13.7282364,51.0302897,2.5931432247161865,6.590000152587891
1693558811972,13.7282353,51.0303041,2.6025869846343994,6.607999801635742
1693558812390,13.7282388,51.0303223,2.641021728515625,6.525000095367432
1693558812864,13.72824,51.0303389,2.645717144012451,6.620999813079834
1693558813813,13.7282412,51.03036,2.6196036338806152,6.7170000076293945
1693558813988,13.7282421,51.0303693,2.6254403591156006,6.767000198364258
1693558814465,13.7282413,51.0303875,2.718031406402588,6.843999862670898
1693558815011,13.7282437,51.0304081,2.785959243774414,6.870999813079834
1693558815565,13.7282455,51.030426,2.7924718856811523,6.901000022888184
1693558816181,13.7282425,51.0304465,2.9064841270446777,6.993000030517578
1693558816673,13.7282397,51.0304641,2.9215636253356934,7.09499979019165
1693558817504,13.7282383,51.0304859,2.857473850250244,7.293000221252441
1693558817988,13.7282379,51.0305061,2.908724546432495,7.184999942779541
1693558818983,13.7282381,51.030541,2.962656259536743,6.927999973297119
1693558820019,13.7282484,51.030576,3.005399465560913,6.64300012588501
1693558820979,13.7282692,51.0306074,2.83475923538208,6.3520002365112305
1693558821999,13.7282945,51.0306303,2.7169599533081055,5.9079999923706055
1693558823018,13.7283201,51.030649,2.6521949768066406,5.7170000076293945
1693558823988,13.7283415,51.0306669,2.585334300994873,5.895999908447266
1693558824971,13.7283487,51.0306795,2.3303167819976807,6.252999782562256
1693558825973,13.728343,51.0306845,1.8448333740234375,6.610000133514404
1693558826976,13.7283325,51.0306849,1.326623797416687,6.9679999351501465
1693558827985,13.7283246,51.0306846,0.9469566941261292,7.324999809265137
1693558828998,13.7283137,51.0306804,0.6760918498039246,7.682000160217285
1693558829981,13.728306,51.0306767,0.25019559264183044,8.218000411987305
1693558831386,13.7283003,51.0306729,0.28103023767471313,8.576000213623047
1693558832000,13.7282976,51.0306711,0.271689772605896,8.932999610900879
1693558832996,13.7282966,51.0306706,0.18356378376483917,9.289999961853027
1693558833977,13.7282962,51.0306707,0.10338713973760605,9.468999862670898
1693558834998,13.728296,51.030671,0.054179124534130096,9.64799976348877
1693558836147,13.7282957,51.0306714,0.041254255920648575,9.826000213623047
1693558836982,13.7282955,51.0306717,0.03486695513129234,10.005000114440918
1693558837970,13.7282952,51.0306719,0.03221443295478821,10.184000015258789
1693558838991,13.728295,51.0306721,0.031044576317071915,10.362000465393066
1693558839965,13.7282947,51.0306723,0.030555134639143944,10.541000366210938
1693558840984,13.7282952,51.0306733,0.06476493179798126,10.362000465393066
1693558841959,13.7282959,51.0306739,0.07037205249071121,10.184000015258789
1693558842988,13.7282952,51.0306796,1.1338281631469727,10.366000175476074
1693558843996,13.7282815,51.0306862,2.244086980819702,10.213000297546387
1693558844992,13.7282261,51.0306858,2.560558319091797,9.753000259399414
1693558845973,13.7281665,51.0306803,2.5365772247314453,9.140999794006348
1693558846995,13.7281132,51.030671,2.5394344329833984,8.751999855041504
1693558847956,13.7280671,51.0306591,2.566863536834717,7.906000137329102
1693558848974,13.7280169,51.0306473,2.6754143238067627,7.446000099182129
1693558849988,13.7279758,51.0306396,2.101822853088379,6.986999988555908
1693558850982,13.7279225,51.0306352,2.462966203689575,6.681000232696533
1693558851790,13.7278987,51.0306324,2.4603936672210693,8.572999954223633
1693558852991,13.7278095,51.0306335,2.7827911376953125,8.267000198364258
1693558853989,13.7277483,51.0306346,2.8628017902374268,8.11400032043457
1693558855052,13.7276917,51.0306355,2.9246089458465576,8.267000198364258
1693558855997,13.7276266,51.0306375,2.989433526992798,8.11400032043457
1693558856983,13.727574,51.0306465,2.86728572845459,6.073999881744385
1693558857974,13.7275378,51.0306664,2.699275493621826,5.895999908447266
1693558859021,13.7275147,51.0306951,2.824890375137329,5.895999908447266
1693558859977,13.7275099,51.0307295,2.918537139892578,5.895999908447266
1693558860973,13.7275041,51.0307633,2.9618427753448486,5.538000106811523
1693558862003,13.7274945,51.0307963,3.0287272930145264,5.538000106811523
1693558862988,13.7274414,51.0308763,4.682981967926025,5.7170000076293945
1693558863993,13.7274006,51.0309354,4.5772318840026855,5.7170000076293945
1693558864969,13.7273768,51.0309776,4.579128265380859,6.452000141143799
1693558865974,13.7273699,51.0310191,4.655858039855957,6.795000076293945
1693558866681,13.7273687,51.0310463,4.842042922973633,7.317999839782715
1693558867071,13.7273604,51.0310694,4.541286945343018,8.170999526977539
1693558868014,13.7273512,51.0311047,4.47091007232666,8.579999923706055
1693558868498,13.7273468,51.0311295,4.782548904418945,9.232999801635742
1693558868970,13.7273441,51.0311493,4.823705196380615,9.388999938964844
1693558869610,13.7273334,51.031178,4.917173385620117,10.451000213623047
1693558869989,13.7273291,51.031197,4.961812496185303,10.678000450134277
1693558870654,13.7273236,51.0312278,4.822832107543945,11.095999717712402
1693558871291,13.7273155,51.0312526,2.493698835372925,11.541000366210938
1693558871899,13.7273086,51.0312679,2.1885194778442383,11.994999885559082
1693558872432,13.7273043,51.0312774,2.180459976196289,11.904000282287598
1693558872972,13.7272995,51.0312892,2.1806936264038086,11.784000396728516
1693558873496,13.7272922,51.0313023,2.250854015350342,11.74899959564209
1693558873975,13.7272864,51.0313154,2.2619614601135254,11.961000442504883
1693558874584,13.7272768,51.0313359,2.3596084117889404,11.661999702453613
1693558875970,13.7272552,51.0313875,2.602773427963257,9.923999786376953
1693558876990,13.7272606,51.0314652,3.7044677734375,8.458000183105469
1693558877969,13.7272919,51.0315096,3.9220008850097656,7.679999828338623
1693558878992,13.7273469,51.0315365,4.040289878845215,6.276000022888184
1693558879960,13.7273953,51.0315615,4.083342552185059,4.579999923706055
1693558881010,13.7274527,51.031577,3.8798460960388184,4.336999893188477
1693558881983,13.7275058,51.031573,2.585300922393799,4.093999862670898
1693558882987,13.727542,51.0315587,2.354327440261841,4.093999862670898
1693558883987,13.7275743,51.0315431,2.3424947261810303,4.0289998054504395
1693558884971,13.7276075,51.0315273,2.3896584510803223,3.9639999866485596
1693558885972,13.7276466,51.0315091,2.562016487121582,3.9639999866485596
1693558886964,13.7277192,51.0314725,2.768455743789673,3.9639999866485596
1693558887989,13.7278295,51.0314193,5.347658157348633,3.9639999866485596
1693558889033,13.7279141,51.031379,4.9342875480651855,3.9639999866485596
1693558889960,13.7279816,51.0313508,5.191584587097168,4.0289998054504395
1693558891027,13.7280507,51.0313268,5.160644054412842,4.0289998054504395
1693558891969,13.728117,51.0313023,5.244385719299316,4.0289998054504395
1693558892984,13.728184,51.0312727,5.386904716491699,4.0289998054504395
1693558893984,13.7282466,51.0312427,5.243747711181641,4.0289998054504395
1693558894989,13.7283037,51.0312119,5.362203121185303,3.9639999866485596
1693558896017,13.7283665,51.031185,5.29119873046875,3.9639999866485596
1693558896990,13.7284332,51.0311582,5.37519645690918,4.0289998054504395
1693558897960,13.7284988,51.0311306,5.39654541015625,4.093999862670898
1693558898966,13.7285601,51.0311067,5.209011077880859,4.1579999923706055
1693558899972,13.728627,51.031079,5.605209827423096,4.2230000495910645
1693558900961,13.728694,51.0310491,5.6333699226379395,4.288000106811523
1693558901970,13.7287543,51.0310192,5.726319313049316,4.2230000495910645
1693558902969,13.7288169,51.0309882,5.624392032623291,4.1579999923706055
1693558903974,13.728882,51.0309487,5.72313928604126,4.093999862670898
1693558904975,13.7289412,51.0309088,5.68438196182251,4.0289998054504395
1693558905966,13.7289977,51.0308703,5.816282749176025,3.8499999046325684
1693558906971,13.7290539,51.0308284,5.596156120300293,3.7860000133514404
1693558907976,13.7291118,51.0307893,5.5900349617004395,3.7860000133514404
1693558908977,13.7291725,51.0307567,5.424267768859863,3.671999931335449
1693558909977,13.7292362,51.0307252,5.393130302429199,3.671999931335449
1693558911030,13.7292856,51.0307001,2.689145803451538,3.671999931335449
1693558912026,13.7293127,51.0306878,2.152392864227295,3.7860000133514404
1693558912985,13.7293372,51.030678,1.9509693384170532,3.7860000133514404
1693558913978,13.7293624,51.0306685,1.9007296562194824,3.7860000133514404
1693558915003,13.7293912,51.0306586,1.9469361305236816,3.9639999866485596
1693558915968,13.7294699,51.0306288,4.751062393188477,4.0289998054504395
1693558916983,13.7296056,51.0305697,5.6003289222717285,4.093999862670898
1693558917990,13.7297113,51.0305266,5.645169258117676,4.1579999923706055
1693558918968,13.7298002,51.0304859,5.757014751434326,4.388999938964844
1693558919963,13.729877,51.0304497,5.875846862792969,4.388999938964844
1693558920965,13.7299535,51.030416,6.029829978942871,4.333000183105469
1693558921991,13.730032,51.0303749,6.138830184936523,4.2779998779296875
1693558922966,13.730098,51.0303373,5.591660022735596,4.2220001220703125
1693558923988,13.7301481,51.030304,3.9439823627471924,4.359000205993652
1693558924676,13.7301547,51.0302959,1.301538109779358,4.885000228881836
1693558925218,13.7301538,51.0302716,2.49271559715271,5.343999862670898
1693558925843,13.7301562,51.0302448,3.425950527191162,5.5929999351501465
1693558926278,13.7301531,51.0302067,4.158768177032471,5.465000152587891
1693558926854,13.7301498,51.0301724,4.495554447174072,5.1570000648498535
1693558927592,13.7301335,51.0301452,4.487168788909912,5.47599983215332
1693558928455,13.7301007,51.0301187,4.389983654022217,5.789000034332275
1693558928908,13.7300692,51.0301052,4.441198348999023,5.88100004196167
1693558929733,13.7300486,51.0300921,2.6590826511383057,5.716000080108643
1693558929993,13.7300359,51.0300901,2.0633561611175537,5.834000110626221
1693558930434,13.7300189,51.0300867,1.383489727973938,5.913000106811523
1693558930985,13.7299998,51.0300847,1.3173658847808838,5.9710001945495605
1693558931574,13.7299785,51.0300845,1.353586196899414,6.531000137329102
1693558932391,13.729955,51.0300875,1.3306387662887573,7.040999889373779
1693558932974,13.7299371,51.0300915,1.3271496295928955,7.201000213623047
1693558933686,13.7299133,51.0300962,2.8816044330596924,7.364999771118164
1693558933978,13.7298959,51.0300966,2.9759271144866943,7.559999942779541
1693558934953,13.7298347,51.0301,3.7792751789093018,7.90500020980835
1693558935535,13.7297761,51.0301102,3.2789909839630127,8.281000137329102
1693558935991,13.7297386,51.0301172,3.1699254512786865,8.512999534606934
1693558936559,13.729705,51.0301185,3.1913459300994873,8.782999992370605
1693558936996,13.7296709,51.0301198,3.1996543407440186,9.119000434875488
1693558937676,13.7296234,51.0301186,3.579787492752075,9.741999626159668
1693558938386,13.7295909,51.0301242,2.9607093334198,10.678000450134277
1693558938978,13.7295691,51.0301298,2.6359364986419678,11.619000434875488
1693558939739,13.7295221,51.0301236,3.236219882965088,12.121000289916992
1693558940011,13.7295013,51.0301175,3.534916639328003,12.506999969482422
1693558940971,13.729438,51.0301137,3.9681460857391357,12.885000228881836
1693558941032,13.7294311,51.0301081,3.2646286487579346,13.569999694824219
1693558941961,13.7293894,51.030105,2.659674882888794,14.100000381469727
1693558942783,13.729354,51.0301006,2.2857537269592285,14.979999542236328
1693558943983,13.729312,51.030095,2.0991921424865723,14.937999725341797
1693558944584,13.7292865,51.0300906,2.0565755367279053,14.916999816894531
1693558945487,13.7292545,51.0300882,2.1146130561828613,15.685999870300293
1693558945976,13.7292351,51.0300867,2.147885799407959,15.814000129699707
1693558946241,13.7292127,51.0300877,2.34132719039917,16.02400016784668
1693558946742,13.7291857,51.030089,2.4721343517303467,15.77299976348877
1693558947971,13.729131,51.0300919,2.5882272720336914,15.494999885559082
1693558948818,13.7290856,51.0300936,2.807293176651001,15.383000373840332
1693558949357,13.7290484,51.0300962,2.985543966293335,15.194999694824219
1693558949978,13.7290115,51.0300977,3.010343313217163,14.946000099182129
1693558950208,13.728981,51.0301023,3.155406951904297,14.871999740600586
1693558950878,13.7289372,51.0301064,3.1902647018432617,14.64799976348877
1693558951892,13.7288672,51.0301153,3.3252291679382324,14.329000473022461
1693558952895,13.7287951,51.030122,3.4690120220184326,13.963000297546387
1693558953544,13.7287383,51.0301239,3.888711452484131,13.663999557495117
1693558953972,13.7287015,51.0301238,3.9430572986602783,13.449000358581543
1693558954729,13.7286193,51.0301224,4.532480716705322,12.909000396728516
1693558955495,13.7285423,51.0301244,4.571557521820068,12.279000282287598
1693558956009,13.7284998,51.0301298,4.452325344085693,11.857000350952148
1693558956783,13.7284151,51.030147,4.559420108795166,11.529000282287598
1693558957241,13.7283844,51.0301635,4.538272857666016,11.01099967956543
1693558958002,13.7283431,51.0301964,4.603264808654785,10.638999938964844
1693558959003,13.7283272,51.0302242,3.9844844341278076,9.343999862670898
1693558959985,13.7283221,51.030264,4.018027305603027,8.571000099182129
1693558960972,13.728322,51.0303002,3.945991039276123,7.980999946594238
1693558961993,13.7283214,51.0303318,3.8189172744750977,7.081999778747559
1693558962969,13.7283169,51.0303632,3.7614970207214355,6.716000080108643
1693558963975,13.7283088,51.0303952,3.752707004547119,6.610000133514404
1693558964994,13.7282972,51.0304296,3.8993396759033203,6.432000160217285
1693558965973,13.7282895,51.0304692,4.02951717376709,6.073999881744385
1693558967013,13.7282846,51.0305107,4.047862529754639,6.073999881744385
1693558968011,13.7282761,51.0305551,4.092097759246826,6.252999782562256
1693558969018,13.7282626,51.0305974,4.081704616546631,6.9679999351501465
1693558970006,13.7282234,51.0306368,4.015478610992432,7.145999908447266
1693558970998,13.7281604,51.0306576,3.89500093460083,7.324999809265137
1693558971968,13.7280859,51.0306554,3.78351092338562,7.504000186920166
1693558972983,13.7280111,51.0306356,3.8135673999786377,7.324999809265137
1693558974000,13.7279446,51.0306204,3.806732177734375,6.9679999351501465
1693558975041,13.7278712,51.0306156,3.919517755508423,5.895999908447266
1693558976023,13.7278,51.0306142,3.889732599258423,5.538000106811523
1693558977061,13.7277288,51.0306124,3.828963041305542,5.538000106811523
1693558977987,13.7276569,51.0306094,3.8706328868865967,5.538000106811523
1693558978973,13.7275812,51.0306067,4.010492324829102,5.538000106811523
1693558979984,13.7275115,51.0306225,4.143094539642334,5.538000106811523
1693558980980,13.727454,51.0306663,6.526855945587158,5.7170000076293945
1693558982025,13.7274107,51.0307315,6.7969865798950195,5.895999908447266
1693558982980,13.7273857,51.030793,5.960755825042725,6.252999782562256
1693558983977,13.7273644,51.030843,5.480354309082031,6.610000133514404
1693558984974,13.7273506,51.0308862,5.171234130859375,6.9679999351501465
1693558986060,13.7273405,51.030927,5.006550312042236,7.504000186920166
1693558987029,13.727329,51.0309695,5.120026588439941,8.991000175476074
1693558987628,13.7273313,51.0309932,4.568377494812012,10.305000305175781
1693558988334,13.7273331,51.0310162,4.5239691734313965,11.303000450134277
1693558988978,13.7273236,51.0310392,4.600766658782959,11.744000434875488
1693558989654,13.7273156,51.0310664,4.916403293609619,12.355999946594238
1693558989973,13.7273128,51.0310806,4.95474910736084,12.458999633789062
1693558990806,13.7273102,51.031117,5.013756275177002,13.125
1693558991530,13.7273146,51.0311506,5.017841339111328,13.640999794006348
1693558991998,13.7273191,51.0311714,5.019970417022705,13.517000198364258
1693558992709,13.7273183,51.0312095,4.920820236206055,13.0
1693558992978,13.7273173,51.0312237,4.912437915802002,12.76099967956543
1693558993721,13.7273104,51.0312599,4.807102203369141,12.37600040435791
1693558993987,13.7273047,51.0312786,4.799335956573486,12.215999603271484
1693558994699,13.7272936,51.0313128,4.793709754943848,11.77299976348877
1693558995351,13.7272886,51.0313449,4.7736897468566895,11.331999778747559
1693558995861,13.7272839,51.0313703,4.760135173797607,10.979999542236328
1693558996367,13.727276,51.0313923,4.7032670974731445,10.847999572753906
1693558996969,13.7272672,51.0314184,4.697788238525391,10.559000015258789
1693558997856,13.7272604,51.0314508,4.645077228546143,10.105999946594238
1693558997987,13.7272627,51.0314574,4.621601581573486,10.170999526977539
1693558998980,13.7272712,51.0314944,4.457744121551514,10.04699993133545
1693558999363,13.7272902,51.0315012,4.528813362121582,9.564000129699707
1693558999980,13.7273264,51.0315186,4.486985683441162,9.052000045776367
1693559000974,13.7273837,51.0315421,4.372271537780762,8.76200008392334
1693559001975,13.7274455,51.0315543,4.174508571624756,8.491999626159668
1693559003013,13.7275143,51.0315484,3.9170427322387695,7.960000038146973
1693559004020,13.7275783,51.0315297,3.731045722961426,7.3420000076293945
1693559004990,13.7276379,51.0314978,3.850698232650757,6.789000034332275
1693559006002,13.7276865,51.0314609,4.033294677734375,6.789000034332275
1693559006974,13.7277346,51.0314287,4.00005578994751,6.432000160217285
1693559007972,13.7277865,51.0314014,4.011788368225098,6.073999881744385
1693559008984,13.7278438,51.0313768,3.9648756980895996,5.895999908447266
1693559009997,13.7278886,51.0313597,3.9284145832061768,6.357999801635742
1693559010837,13.7279348,51.0313412,3.92745041847229,6.888000011444092
1693559011233,13.7279585,51.0313333,3.928307056427002,7.247000217437744
1693559011743,13.7279858,51.0313232,3.9227871894836426,7.447999954223633
1693559012646,13.7280296,51.0313083,3.8889400959014893,8.001999855041504
1693559012992,13.7280478,51.0313028,3.899000883102417,8.187999725341797
1693559013973,13.7281097,51.0312827,3.913893222808838,8.592000007629395
1693559014746,13.728155,51.0312671,3.9721176624298096,9.027000427246094
1693559015493,13.7281996,51.03125,4.111881732940674,9.003999710083008
1693559015985,13.7282283,51.0312387,4.220576763153076,8.949999809265137
1693559016174,13.7282506,51.0312296,4.348582744598389,9.178999900817871
1693559016994,13.7282956,51.0312106,4.435618877410889,9.543999671936035
1693559017507,13.7283374,51.0311939,4.531023025512695,9.64799976348877
1693559017979,13.7283694,51.0311815,4.58778715133667,9.817000389099121
1693559018587,13.7284183,51.0311599,4.678019046783447,9.800000190734863
1693559018981,13.7284507,51.0311463,4.743447780609131,9.809000015258789
1693559019833,13.728509,51.0311226,4.759185791015625,10.081999778747559
1693559020258,13.7285418,51.0311092,4.777690887451172,10.029000282287598
1693559020851,13.7285824,51.0310925,4.61635684967041,10.114999771118164
1693559021361,13.7286258,51.0310769,4.5690741539001465,10.008000373840332
1693559021816,13.7286614,51.0310631,4.5479960441589355,9.946999549865723
1693559022310,13.728701,51.031048,4.559982776641846,9.743000030517578
1693559022969,13.7287397,51.0310314,4.544990062713623,9.611000061035156
1693559023561,13.7287787,51.0310155,4.545348644256592,9.612000465393066
1693559024138,13.7288278,51.0309936,4.532772064208984,9.552000045776367
1693559024622,13.7288622,51.0309764,4.508918762207031,9.529999732971191
1693559025368,13.7289109,51.0309477,4.4777445793151855,9.368000030517578
1693559026037,13.7289553,51.0309195,4.009838581085205,8.866000175476074
1693559026999,13.7290062,51.0308844,3.9639995098114014,8.463000297546387
1693559027973,13.7290565,51.0308484,4.079456806182861,8.284000396728516
1693559028982,13.7291115,51.0308126,4.1039347648620605,7.538000106811523
1693559029969,13.729172,51.0307798,4.275585651397705,6.619999885559082
1693559030963,13.7292407,51.0307478,4.506857872009277,5.895999908447266
1693559031974,13.7293148,51.0307161,4.627089500427246,5.7170000076293945
1693559033018,13.7293888,51.0306852,4.637431621551514,5.360000133514404
1693559033968,13.7294661,51.0306526,4.7873148918151855,4.823999881744385
1693559034978,13.7295462,51.0306168,4.859438896179199,4.644999980926514
1693559035985,13.7296309,51.0305788,4.935583591461182,4.644999980926514
1693559036968,13.7297113,51.0305429,5.010554790496826,5.001999855041504
1693559038002,13.7297888,51.0305082,5.042229175567627,5.360000133514404
1693559038987,13.7299298,51.0304375,6.289475440979004,5.360000133514404
1693559040017,13.7300094,51.0303853,6.105655670166016,5.538000106811523
1693559041005,13.7300792,51.0303295,6.459357261657715,5.895999908447266
1693559041996,13.7301125,51.0302793,4.9403557777404785,6.073999881744385
1693559042984,13.7301397,51.0302158,5.611146926879883,5.895999908447266
1693559043971,13.7301419,51.030179,5.10203218460083,5.538000106811523
1693559045026,13.7301176,51.0301419,1.6872649192810059,5.538000106811523
1693559045979,13.7300939,51.0301311,1.638770341873169,5.360000133514404
1693559046977,13.7300653,51.0301255,1.659641146659851,4.823999881744385
1693559048005,13.730037,51.0301187,1.6863880157470703,4.466000080108643
1693559049180,13.7300056,51.0301154,1.718434453010559,4.288000106811523
1693559050156,13.7299296,51.030108,4.035806655883789,4.466000080108643
1693559050971,13.7297822,51.030134,4.216814041137695,4.644999980926514
1693559051812,13.7297352,51.030151,4.227031230926514,6.0980000495910645
1693559052467,13.7296961,51.0301546,3.8634650707244873,6.638000011444092
1693559052971,13.7296719,51.0301523,3.777414560317993,6.835999965667725
1693559053466,13.7296284,51.030138,3.5730881690979004,7.285999774932861
1693559054015,13.7295994,51.0301284,3.572387456893921,7.388000011444092
1693559055003,13.7295537,51.0301114,3.1260218620300293,8.357000350952148
1693559056002,13.7295133,51.030085,3.200991630554199,9.545000076293945
1693559056992,13.7294761,51.0300569,3.0256195068359375,10.906000137329102
1693559057987,13.7294483,51.0300408,2.609203338623047,12.628999710083008
1693559058928,13.7294481,51.0300351,1.4412834644317627,13.87600040435791
1693559060035,13.7294247,51.0300325,1.17655611038208,15.286999702453613
1693559060977,13.7294057,51.0300331,1.1522201299667358,15.717000007629395
1693559061636,13.7293828,51.0300327,1.3815662860870361,15.543999671936035
1693559062978,13.729363,51.0300223,1.9587594270706177,15.89799976348877
1693559063921,13.7293399,51.0300276,2.911689281463623,16.493999481201172
1693559064553,13.7293193,51.0300413,3.754208564758301,16.73900032043457
1693559064994,13.7293,51.0300545,3.947766065597534,16.90999984741211
1693559065978,13.7292613,51.0300765,3.7076096534729004,17.08300018310547
1693559066303,13.7292434,51.0300836,3.4205117225646973,17.268999099731445
1693559066854,13.7292184,51.0300913,3.3292062282562256,17.518999099731445
1693559067355,13.729178,51.0301281,3.4752938747406006,17.2549991607666
1693559067861,13.7291435,51.0301552,3.876326322555542,17.07699966430664
1693559068423,13.7291162,51.0301398,3.478792428970337,17.014999389648438
1693559068938,13.7290918,51.0301286,3.4764273166656494,16.841999053955078
1693559069733,13.7290508,51.0301202,4.059624671936035,16.784000396728516
1693559070162,13.7290187,51.0301131,4.4349846839904785,16.457000732421875
1693559071010,13.7289714,51.0301083,4.4992146492004395,16.323999404907227
1693559071152,13.728947,51.030104,4.13720178604126,15.767999649047852
1693559071917,13.7289033,51.0301003,4.025965690612793,15.187999725341797
1693559072481,13.7288664,51.0300976,4.146384239196777,14.911999702453613
1693559072984,13.7288344,51.030094,4.164038181304932,14.62399959564209
1693559073910,13.7287739,51.0300886,4.365554332733154,14.371000289916992
1693559074300,13.728742,51.0300866,4.457122325897217,14.402000427246094
1693559074812,13.7287046,51.030085,4.47297477722168,14.357999801635742
1693559075392,13.7286577,51.0300811,4.543919086456299,13.897000312805176
1693559075985,13.7286217,51.0300782,4.554474353790283,13.437999725341797
1693559076459,13.7285798,51.0300749,4.550204753875732,13.319999694824219
1693559077003,13.7285446,51.0300725,4.5437703132629395,13.189000129699707
1693559077698,13.7284928,51.0300664,4.574239730834961,12.838000297546387
1693559078230,13.728444,51.0300617,4.281529426574707,12.21500015258789
1693559078973,13.7283982,51.0300558,4.226099014282227,11.494999885559082
1693559079495,13.7283581,51.0300506,4.457973003387451,10.40999984741211
1693559079979,13.728324,51.0300501,4.255248546600342,9.324000358581543
1693559080708,13.7282827,51.03006,3.937706470489502,8.9399995803833
1693559081572,13.728264,51.0300765,1.5042576789855957,8.383000373840332
1693559082223,13.7282594,51.030082,1.4553899765014648,8.086999893188477
1693559082864,13.7282542,51.0300916,1.4579616785049438,8.050000190734863
1693559083445,13.7282475,51.0301041,3.2483954429626465,8.439000129699707
1693559083903,13.7282387,51.0301212,3.5624423027038574,8.682000160217285
1693559084596,13.728231,51.0301486,3.7439992427825928,9.309000015258789
1693559084977,13.7282281,51.0301704,3.7654285430908203,9.307999610900879
1693559085680,13.7282238,51.0301984,3.7439448833465576,9.552000045776367
1693559086793,13.7282211,51.0302381,3.7203316688537598,10.053999900817871
1693559087301,13.7282205,51.0302594,3.789451837539673,10.298999786376953
1693559087987,13.7282192,51.0302851,3.8171989917755127,10.494000434875488
1693559088978,13.7282144,51.0303191,3.827120542526245,10.574000358581543
1693559089082,13.7282142,51.0303295,3.8455429077148438,10.611000061035156
1693559089572,13.7282124,51.0303512,3.8505985736846924,10.666000366210938
1693559090253,13.728208,51.0303791,3.7554173469543457,10.756999969482422
1693559090979,13.7282039,51.030405,3.5544514656066895,10.895000457763672
1693559091513,13.7282011,51.0304283,3.5764434337615967,10.835000038146973
1693559091993,13.7282139,51.0304376,3.5466628074645996,10.71399974822998
1693559092445,13.7282081,51.0304623,3.6256606578826904,10.710000038146973
1693559093138,13.7282025,51.0304908,2.4307875633239746,10.711000442504883
1693559093872,13.7282,51.0305106,2.2825074195861816,10.77299976348877
1693559094381,13.7281998,51.0305249,2.1649599075317383,10.88599967956543
1693559094849,13.7281994,51.0305386,2.146483898162842,11.07699966430664
1693559095970,13.7281935,51.0305632,2.1345927715301514,10.52299976348877
1693559097005,13.728202,51.0305867,2.176440477371216,10.201000213623047
1693559097970,13.7282129,51.0306033,2.1205508708953857,9.965999603271484
1693559098985,13.7282259,51.0306134,1.9309337139129639,9.420000076293945
1693559099962,13.7282382,51.0306182,1.6511743068695068,8.218000411987305
1693559100987,13.7282483,51.0306173,1.2937391996383667,8.218000411987305
1693559101993,13.7282543,51.0306158,0.9893423318862915,8.039999961853027
1693559102987,13.7282575,51.0306139,0.7314342260360718,8.039999961853027
1693559103980,13.7282582,51.0306109,0.49235570430755615,7.682000160217285
1693559104992,13.7282583,51.0306087,0.3247411251068115,7.745999813079834
1693559105979,13.7282583,51.0306076,0.21878761053085327,7.440000057220459
1693559106979,13.7282579,51.0306068,0.14227893948554993,7.2870001792907715
1693559107976,13.7282561,51.0306133,0.6187804937362671,6.980999946594238
1693559108980,13.7282558,51.0306241,1.2585113048553467,6.673999786376953
1693559109992,13.7282546,51.0306417,1.7606154680252075,5.895999908447266
1693559110980,13.7282464,51.0306619,1.937097191810608,5.7170000076293945
1693559111964,13.7282303,51.0306788,1.9952679872512817,6.446000099182129
1693559112999,13.7281946,51.0306861,1.956055998802185,6.139999866485596
1693559113978,13.7281517,51.0306847,2.092907428741455,5.986999988555908
1693559114983,13.7281041,51.0306745,2.2719931602478027,5.7779998779296875
1693559115985,13.7280515,51.0306595,2.493932008743286,5.625
1693559116976,13.7279956,51.0306446,2.6449215412139893,4.579999923706055
1693559117732,13.7279727,51.0306405,2.645336866378784,6.309999942779541
1693559118976,13.7278595,51.0306288,2.8448901176452637,6.020999908447266
1693559120023,13.7277956,51.0306264,2.830920457839966,6.173999786376953
1693559120983,13.7277352,51.0306237,2.7009265422821045,6.382999897003174
1693559121994,13.7276786,51.030619,2.6246891021728516,6.535999774932861
1693559122974,13.7276379,51.0306167,2.631983518600464,5.59499979019165
1693559123813,13.7276009,51.0306176,2.5777523517608643,6.111999988555908
1693559124433,13.7275721,51.0306244,2.496730327606201,6.639999866485596
1693559124998,13.727552,51.0306343,2.4343035221099854,6.7820000648498535
1693559125636,13.7275277,51.0306466,2.4585680961608887,7.085999965667725
1693559125975,13.7275171,51.0306552,2.4952750205993652,7.1539998054504395
1693559126667,13.7274959,51.0306726,2.5544679164886475,7.36899995803833
1693559127151,13.7274879,51.0306877,2.528438091278076,7.627999782562256
1693559127688,13.7274816,51.0307036,2.529348611831665,7.622000217437744
1693559128179,13.7274772,51.0307171,2.522028923034668,7.698999881744385
1693559128806,13.7274732,51.030733,2.517343759536743,7.9039998054504395
1693559129557,13.7274707,51.0307531,2.515944004058838,8.194000244140625
1693559130012,13.7274717,51.0307647,2.522040843963623,8.345000267028809
1693559130700,13.7274709,51.0307864,2.5864968299865723,8.569000244140625
1693559131202,13.7274699,51.0308026,2.6350016593933105,8.864999771118164
1693559131699,13.7274692,51.0308193,2.6629512310028076,9.236000061035156
1693559132352,13.7274673,51.0308384,2.6547086238861084,9.64799976348877
1693559132868,13.7274654,51.0308543,2.647287130355835,10.059000015258789
1693559133440,13.7274613,51.0308748,2.684026002883911,10.112000465393066
1693559133972,13.7274573,51.0308915,2.697272777557373,10.180999755859375
1693559134621,13.727453,51.030913,2.748980760574341,10.368000030517578
1693559135119,13.7274491,51.0309318,2.834343433380127,10.734999656677246
1693559135596,13.727446,51.0309493,2.882279634475708,10.987000465393066
1693559136682,13.7274404,51.0309876,2.974895715713501,11.326000213623047
1693559137211,13.7274349,51.031014,3.0706210136413574,11.460000038146973
1693559137928,13.7274309,51.0310406,3.1074066162109375,11.574000358581543
1693559138742,13.7274283,51.0310713,3.140672445297241,11.85099983215332
1693559138974,13.727428,51.0310838,3.1508870124816895,11.932999610900879
1693559139972,13.7274271,51.0311175,3.142636775970459,12.565999984741211
1693559140977,13.727433,51.0311537,3.084644079208374,12.628999710083008
1693559141974,13.7274291,51.0311885,3.025362730026245,13.258000373840332
1693559142985,13.7274083,51.0312174,2.856793165206909,14.194999694824219
1693559143982,13.7273698,51.0312364,2.7488856315612793,15.182000160217285
1693559144971,13.7273585,51.0312381,0.9796283841133118,16.250999450683594
1693559145973,13.7273507,51.03124,0.4205669164657593,16.6200008392334
1693559146975,13.7273466,51.0312408,0.2020384669303894,16.253000259399414
1693559148018,13.7273455,51.0312401,0.09618993103504181,15.402000427246094